SET
    FOREIGN_KEY_CHECKS = 0;

DROP TABLE IF EXISTS `OrderLines`;

DROP TABLE IF EXISTS `Orders`;

DROP TABLE IF EXISTS `Stocks`;

DROP TABLE IF EXISTS `UserAccounts`;

DROP TABLE IF EXISTS `Articles`;

DROP TABLE IF EXISTS `Customers`;

DROP TABLE IF EXISTS `Partners`;

DROP TABLE IF EXISTS `addresses`;

SET
    FOREIGN_KEY_CHECKS = 1;

CREATE TABLE
    `addresses` (
        `PostalCode` VARCHAR(10),
        `HouseNumber` VARCHAR(10),
        `StreetName` VARCHAR(60),
        `Country` VARCHAR(30) DEFAULT 'Nederland',
        CONSTRAINT `PK_addresses` PRIMARY KEY (`PostalCode`, `HouseNumber`)
    );

CREATE TABLE
    `Partners` (
        `PartnerID` INT NOT NULL AUTO_INCREMENT PRIMARY KEY,
        `CompanyName` VARCHAR(255) NOT NULL,
        `VATNr` VARCHAR(15) NOT NULL,
        `CoCNr` INT NOT NULL,
        `PostalCode` VARCHAR(10),
        `HouseNumber` VARCHAR(10),
        CONSTRAINT `FK_Partner_addresses` FOREIGN KEY (`PostalCode`, `HouseNumber`) REFERENCES `addresses` (`PostalCode`, `HouseNumber`)
    );

CREATE TABLE
    `Customers` (
        `CustomerID` INT NOT NULL AUTO_INCREMENT PRIMARY KEY,
        `FirstName` VARCHAR(50),
        `LastName` VARCHAR(50),
        `PhoneNumber` VARCHAR(12),
        `DateOfBirth` DATE,
        `Newsletter` BOOLEAN,
        `PostalCode` VARCHAR(10),
        `HouseNumber` VARCHAR(10),
        CONSTRAINT `FK__Customer_addresses` FOREIGN KEY (`PostalCode`, `HouseNumber`) REFERENCES `addresses` (`PostalCode`, `HouseNumber`)
    );

CREATE TABLE
    `UserAccounts` (
        `EmailAdres` VARCHAR(320) PRIMARY KEY,
        `Password` VARCHAR(255) NOT NULL,
        `AccountStatus` BOOLEAN DEFAULT 0,
        `AccountAccessRights` ENUM ('Customer', 'Partner', 'Admin'),
        `DateOfRegistration` DATE,
        `PartnerID` INT,
        `CustomerID` INT,
        CONSTRAINT `FK_UserAccount` FOREIGN KEY (`PartnerID`) REFERENCES `Partners` (`PartnerID`) ,
        CONSTRAINT `FK_UserAccount_Customer` FOREIGN KEY (`CustomerID`) REFERENCES `Customers` (`CustomerID`) ,
    );

CREATE TABLE
    `Articles` (
        `ArticleID` INT NOT NULL AUTO_INCREMENT PRIMARY KEY,
        `Name` VARCHAR(50),
        `Size` VARCHAR(10),
        `Weight` FLOAT,
        `WeightUnit` ENUM ('Gram', 'Kilogram'),
        `Color` VARCHAR(20),
        `Description` TEXT,
        `Image` BLOB,
        `Category` ENUM ('Accessoires', 'Mannenkleding', 'Vrouwenkleding'),
        `SubCategory` ENUM (
            'Jurken',
            'T-Shirts',
            'Broeken',
            'Jassen',
            'Schoenen'
        ),
        `Material` ENUM (
            'Acryl',
            'Zijde',
            'Jute',
            'Katoen',
            'Linnen',
            'Spandex'
        ),
        `Brand` VARCHAR(50) NOT NULL,
        `Availability` BOOLEAN DEFAULT 0
    );

CREATE TABLE
    `Stock` (
        `ArticleID` INT NOT NULL,
        `PartnerID` INT NOT NULL,
        `QuantityOfStock` INT DEFAULT 0,
        `Price` DECIMAL(10, 2) DEFAULT 0,
        `DateAdded` DATE NOT NULL,
        CONSTRAINT `PK_Stock` PRIMARY KEY (`ArticleID`, `PartnerID`),

        CONSTRAINT `FK_Stock` 
        FOREIGN KEY (`ArticleID`) REFERENCES `Articles` (`ArticleID`),
        FOREIGN KEY (`PartnerID`) REFERENCES `Partners` (`PartnerID`)
    );

CREATE TABLE
    `Orders` (
        `OrderID` INT NOT NULL AUTO_INCREMENT PRIMARY KEY,
        `OrderDate` DATE,
        `PaymentStatus` BOOLEAN DEFAULT 0,
        `CustomerID` INT NOT NULL,
        `PostalCode` VARCHAR(10),
        `HouseNumber` VARCHAR(10),
        CONSTRAINT `FK_Order_Customer` FOREIGN KEY (`CustomerID`) REFERENCES `Customers` (`CustomerID`),
        CONSTRAINT `FK_Order_addresses` FOREIGN KEY (`PostalCode`, `HouseNumber`) REFERENCES `addresses` (`PostalCode`, `HouseNumber`)
    );

CREATE TABLE
    `OrderLines` (
        `OrderID` INT NOT NULL,
        `ArticleID` INT NOT NULL,
        `PartnerID` INT NOT NULL,
        `Quantity` INT DEFAULT 0,
        `StartDateReservation` DATE,
        `EndDateReservation` DATE,
        CONSTRAINT `PK_OrderLine` PRIMARY KEY (`OrderID`, `PartnerID`, `ArticleID`),
        CONSTRAINT `FK_OrderLine_Order` FOREIGN KEY (`OrderID`) REFERENCES `Orders` (`OrderID`),
        CONSTRAINT `FK_OrderLine_Partner` FOREIGN KEY (`PartnerID`) REFERENCES `Partners` (`PartnerID`),
        CONSTRAINT `FK_OrderLine_Article` FOREIGN KEY (`ArticleID`) REFERENCES `Articles` (`ArticleID`)
    );

INSERT INTO
    `addresses` (
        `PostalCode`,
        `HouseNumber`,
        `StreetName`,
        `Country`
    )
VALUES
    ('1234AB', '12', 'Main Street', 'Nederland'),
    ('5678CD', '34', 'Baker Road', 'Nederland'),
    ('9876EF', '56', 'Church Lane', 'Nederland'),
    ('1122GH', '78', 'Park Avenue', 'Nederland'),
    ('3344IJ', '23', 'Sunset Blvd', 'Nederland'),
    ('5566KL', '45', 'Oak Street', 'Nederland'),
    ('7788MN', '89', 'River Road', 'Nederland'),
    ('9900OP', '67', 'Mountain Drive', 'Nederland');

INSERT INTO
    `Partners` (
        `CompanyName`,
        `VATNr`,
        `CoCNr`,
        `PostalCode`,
        `HouseNumber`
    )
VALUES
    (
        'Fashion Co.',
        123456789,
        987654321,
        '1234AB',
        '12'
    ),
    (
        'Sporty Apparel',
        234567890,
        876543210,
        '5678CD',
        '34'
    ),
    (
        'Trendsetters',
        345678901,
        765432109,
        '9876EF',
        '56'
    ),
    ('Eco Wear', 456789012, 654321098, '1122GH', '78'),
    (
        'Luxury Styles',
        567890123,
        543210987,
        '3344IJ',
        '23'
    ),
    (
        'Comfort Shoes',
        678901234,
        432109876,
        '5566KL',
        '45'
    ),
    (
        'Urban Clothing',
        789012345,
        321098765,
        '7788MN',
        '89'
    ),
    (
        'Chic Collections',
        890123456,
        210987654,
        '9900OP',
        '67'
    );

INSERT INTO
    `Customers` (
        `FirstName`,
        `LastName`,
        `PhoneNumber`,
        `DateOfBirth`,
        `Newsletter`,
        `PostalCode`,
        `HouseNumber`
    )
VALUES
    (
        'John',
        'Doe',
        '0612345678',
        '1990-06-15',
        TRUE,
        '1234AB',
        '12'
    ),
    (
        'Jane',
        'Smith',
        '0698765432',
        '1985-03-22',
        FALSE,
        '5678CD',
        '34'
    ),
    (
        'Alice',
        'Johnson',
        '0611223344',
        '1995-11-10',
        TRUE,
        '9876EF',
        '56'
    ),
    (
        'Bob',
        'Williams',
        '0698761234',
        '1992-02-28',
        TRUE,
        '1122GH',
        '78'
    ),
    (
        'Charlie',
        'Brown',
        '0613344556',
        '1988-07-10',
        FALSE,
        '3344IJ',
        '23'
    ),
    (
        'David',
        'Martinez',
        '0695432109',
        '1981-05-05',
        TRUE,
        '5566KL',
        '45'
    ),
    (
        'Eva',
        'Garcia',
        '0612233445',
        '1993-11-20',
        TRUE,
        '7788MN',
        '89'
    ),
    (
        'Frank',
        'Miller',
        '0696677889',
        '1990-09-09',
        FALSE,
        '9900OP',
        '67'
    );

INSERT INTO
    `UserAccounts` (
        `EmailAdres`,
        `Password`,
        `AccountStatus`,
        `AccountAccessRights`,
        `DateOfRegistration`,
        `PartnerID`,
        `CustomerID`
    )
VALUES
    (
        'john.doe@example.com',
        'hashedpassword1',
        TRUE,
        'Customer',
        '2025-03-01',
        NULL,
        1
    ),
    (
        'jane.smith@example.com',
        'hashedpassword2',
        TRUE,
        'Partner',
        '2025-02-15',
        2,
        NULL
    ),
    (
        'alice.johnson@example.com',
        'hashedpassword3',
        TRUE,
        'Admin',
        '2025-01-20',
        NULL,
        3
    ),
    (
        'bob.williams@example.com',
        'hashedpassword4',
        TRUE,
        'Customer',
        '2025-03-05',
        NULL,
        4
    ),
    (
        'charlie.brown@example.com',
        'hashedpassword5',
        TRUE,
        'Partner',
        '2025-02-18',
        4,
        NULL
    ),
    (
        'david.martinez@example.com',
        'hashedpassword6',
        TRUE,
        'Admin',
        '2025-01-25',
        NULL,
        5
    ),
    (
        'eva.garcia@example.com',
        'hashedpassword7',
        TRUE,
        'Customer',
        '2025-03-10',
        NULL,
        6
    ),
    (
        'frank.miller@example.com',
        'hashedpassword8',
        TRUE,
        'Partner',
        '2025-02-22',
        6,
        NULL
    );

INSERT INTO
    `Articles` (
        `Name`,
        `Size`,
        `Color`,
        `Description`,
        `Image`,
        `Category`,
        `SubCategory`,
        `Material`,
        `Brand`,
        `Availability`
    )
VALUES
    (
        'Elegant Dress',
        'M',
        'Red',
        'A beautiful red dress perfect for parties',
        NULL,
        'Vrouwenkleding',
        'Jurken',
        'Zijde',
        'Fashion Co.',
        TRUE
    ),
    (
        'Running Shoes',
        'L',
        'Blue',
        'Comfortable shoes for running',
        NULL,
        'Schoenen',
        'T-Shirts',
        'Katoen',
        'Sporty Apparel',
        TRUE
    ),
    (
        'Leather Jacket',
        'XL',
        'Black',
        'Stylish black leather jacket',
        NULL,
        'Mannenkleding',
        'Jassen',
        'Linnen',
        'Trendsetters',
        FALSE
    ),
    (
        'Sports Bra',
        'S',
        'Pink',
        'Comfortable and breathable sports bra',
        NULL,
        'Vrouwenkleding',
        'T-Shirts',
        'Spandex',
        'Eco Wear',
        TRUE
    ),
    (
        'Silk Scarf',
        'One Size',
        'White',
        'Luxurious silk scarf for every occasion',
        NULL,
        'Accessoires',
        'T-Shirts',
        'Zijde',
        'Luxury Styles',
        TRUE
    ),
    (
        'Sneakers',
        'M',
        'Gray',
        'Stylish and comfortable sneakers for everyday wear',
        NULL,
        'Schoenen',
        'T-Shirts',
        'Katoen',
        'Comfort Shoes',
        TRUE
    ),
    (
        'Hoodie',
        'L',
        'Red',
        'Soft hoodie for casual wear',
        NULL,
        'Mannenkleding',
        'Jassen',
        'Spandex',
        'Urban Clothing',
        TRUE
    ),
    (
        'Gold Necklace',
        'One Size',
        'Gold',
        'Elegant gold necklace for special occasions',
        NULL,
        'Accessoires',
        'T-Shirts',
        'Zijde',
        'Chic Collections',
        TRUE
    );

INSERT INTO
    `Stock` (
        `ArticleID`,
        `PartnerID`,
        `QuantityOfStock`,
        `Price`,
        `DateAdded`
    )
VALUES
    (1, 1, 100, 49.99, '2025-03-01'),
    (2, 2, 50, 79.99, '2025-02-15'),
    (3, 3, 30, 199.99, '2025-01-20'),
    (4, 4, 120, 29.99, '2025-03-05'),
    (5, 5, 200, 89.99, '2025-02-18'),
    (6, 6, 150, 59.99, '2025-01-25'),
    (7, 7, 80, 49.99, '2025-03-10'),
    (8, 8, 50, 149.99, '2025-02-22');

INSERT INTO
    `Orders` (
        `OrderDate`,
        `PaymentStatus`,
        `CustomerID`,
        `PostalCode`,
        `HouseNumber`
    )
VALUES
    ('2025-03-05', TRUE, 1, '1234AB', '12'),
    ('2025-02-18', FALSE, 2, '5678CD', '34'),
    ('2025-01-25', TRUE, 3, '9876EF', '56'),
    ('2025-03-08', TRUE, 4, '1122GH', '78'),
    ('2025-02-20', FALSE, 5, '3344IJ', '23'),
    ('2025-01-15', TRUE, 6, '5566KL', '45'),
    ('2025-03-12', FALSE, 7, '7788MN', '89'),
    ('2025-02-28', TRUE, 8, '9900OP', '67');

INSERT INTO
    `OrderLines` (
        `OrderID`,
        `ArticleID`,
        `PartnerID`,
        `Quantity`,
        `StartDateReservation`,
        `EndDateReservation`
    )
VALUES
    (1, 1, 1, 1, '2025-03-05', '2025-03-12'),
    (2, 2, 2, 2, '2025-02-18', '2025-02-25'),
    (3, 3, 3, 1, '2025-01-25', '2025-02-01'),
    (4, 4, 4, 1, '2025-03-08', '2025-03-15'),
    (5, 5, 5, 3, '2025-02-20', '2025-02-27'),
    (6, 6, 6, 2, '2025-01-15', '2025-01-22'),
    (7, 7, 7, 1, '2025-03-12', '2025-03-19'),
    (8, 8, 8, 1, '2025-02-28', '2025-03-07');

    START TRANSACTION;
SELECT `QuantityOfStock` INTO @available_stock
FROM `Stock`
WHERE `ArticleID` = @ArticleID AND `PartnerID` = @PartnerID;
UPDATE `OrderLine`
SET `Quantity` = CASE
    WHEN @available_stock >= @new_quantity THEN @new_quantity
    ELSE `Quantity`
END
WHERE `OrderID` = @OrderID AND `ArticleID` = @ArticleID AND `PartnerID` = @PartnerID;
UPDATE `Stock`
SET `QuantityOfStock` = `QuantityOfStock` - @new_quantity
WHERE ArticleID = @ArticleID AND PartnerID = @PartnerID AND QuantityOfStock >= @new_quantity;
COMMIT;




DELIMITER $$
CREATE PROCEDURE SimulatePurchase()
BEGIN
    DECLARE available_stock INT;
    DECLARE order_id INT;
    -- Set the parameters for the purchase
    SET @ArticleID = 1001; 
    SET @PartnerID = 1;  
    SET @UserID = 123;     
    SET @new_quantity = 2; 
    -- Start the transaction
    START TRANSACTION;
    -- Step 1: Check if there is enough stock available for the purchase
    SELECT `QuantityOfStock` INTO available_stock
    FROM `Stock`
    WHERE `ArticleID` = @ArticleID AND `PartnerID` = @PartnerID;
    -- Step 2: If stock is sufficient, reduce the stock and record the purchase
    IF available_stock >= @new_quantity THEN
        -- Update the stock: reduce available stock
        UPDATE `Stock`
        SET `QuantityOfStock` = `QuantityOfStock` - @new_quantity
        WHERE `ArticleID` = @ArticleID AND `PartnerID` = @PartnerID;
        -- Insert into Orders (representing the purchase)
        INSERT INTO `Orders` (UserID, OrderDate)
        VALUES (@UserID, NOW());
        -- Get the last inserted OrderID for the new order
        SET order_id = LAST_INSERT_ID();
        -- Insert into OrderLine (representing the article purchased)
        INSERT INTO `OrderLine` (OrderID, ArticleID, Quantity)
        VALUES (order_id, @ArticleID, @new_quantity);
        -- Commit the transaction
        COMMIT;
        -- Return success message with OrderID
        SELECT 'Purchase successful' AS message, order_id AS OrderID;
    ELSE
        -- If stock is insufficient, rollback the transaction
        ROLLBACK;
        -- Return error message
        SELECT 'Not enough stock available' AS message;
    END IF;
END$$
DELIMITER ;


CREATE ROLE `Admin`,
CREATE ROLE `Customers`,
CREATE ROLE `Partners`,
CREATE ROLE `Read_Only`,

GRANT SELECT, INSERT, UPDATE ON fittingly_database TO `Admin`,
GRANT SELECT ON fittingly_database.orders TO `Customers`,
GRANT SELECT, INSERT, UPDATE ON fittingly_database.stocks TO `Partners`,

GRANT SELECT ON fittingly_database.* TO `Read_Only`;




GRANT SELECT (column1, column2), INSERT (column1), UPDATE (column2) 
ON fittingly_database.stocks TO 'username'@'host';
